{"loaded":true,"language":0,"musicVolume":0.7863248586654663,"soundVolume":0.23848161101341248}